image_file,link,credit
2022_03_22_360Pano_Conference_room_1-CC.jpg,https://storage.noirlab.edu/media/archives/images/large/2022_03_22_360Pano_Conference_room_1-CC.jpg,NOIRLab/NSF/AURA/ T. Slovinský
2022_03_22_360Pano_Library-CC.jpg,https://storage.noirlab.edu/media/archives/images/large/2022_03_22_360Pano_Library-CC.jpg,NOIRLab/NSF/AURA/ P. Horálek
2022_03_22_360Pano_Reception-CC.jpg,https://storage.noirlab.edu/media/archives/images/large/2022_03_22_360Pano_Reception-CC.jpg,NOIRLab/NSF/AURA/ T. Slovinský
2022_03_25_360Pano_Hiltner_2p4_Outside-CC.jpg,https://storage.noirlab.edu/media/archives/images/large/2022_03_25_360Pano_Hiltner_2p4_Outside-CC.jpg,KPNO/NOIRLab/NSF/AURA/P. Horálek
2022_03_29_Gemini_North_Spectrometer2-CC.jpg,https://storage.noirlab.edu/media/archives/images/large/2022_03_29_Gemini_North_Spectrometer2-CC.jpg,NOIRLab/AURA/NSF/P. Horálek
2022_03_29_Hilo_360_Control_Room_2-CC.jpg,https://storage.noirlab.edu/media/archives/images/large/2022_03_29_Hilo_360_Control_Room_2-CC.jpg,International Gemini Observatory/NOIRLab/NSF/AURA/P. Horálek
2022_03_29_Hilo_360_Control_Room_CC.jpg,https://storage.noirlab.edu/media/archives/images/large/2022_03_29_Hilo_360_Control_Room_CC.jpg,International Gemini Observatory/NOIRLab/NSF/AURA/ P. Horálek
2022_03_29_Hilo_360_Coridor_1-CC.jpg,https://storage.noirlab.edu/media/archives/images/large/2022_03_29_Hilo_360_Coridor_1-CC.jpg,International Gemini Observatory/NOIRLab/NSF/AURA/ P. Horálek
2022_03_29_Hilo_360_Coridor_2-CC.jpg,https://storage.noirlab.edu/media/archives/images/large/2022_03_29_Hilo_360_Coridor_2-CC.jpg,NOIRLab/NSF/AURA/P. Horálek
2022_03_29_Hilo_360_Director_Office-CC.jpg,https://storage.noirlab.edu/media/archives/images/large/2022_03_29_Hilo_360_Director_Office-CC.jpg,International Gemini Observatory/NOIRLab/NSF/AURA/ P. Horálek
2022_03_29_Hilo_360_Lab2-CC.jpg,https://storage.noirlab.edu/media/archives/images/large/2022_03_29_Hilo_360_Lab2-CC.jpg,International Gemini Observatory/NOIRLab/NSF/AURA/ P. Horálek
2022_03_29_Hilo_360_Library-CC.jpg,https://storage.noirlab.edu/media/archives/images/large/2022_03_29_Hilo_360_Library-CC.jpg,International Gemini Observatory/NOIRLab/NSF/AURA/P. Horálek
2022_03_29_Hilo_360_Small_Conference_Hall-CC.jpg,https://storage.noirlab.edu/media/archives/images/large/2022_03_29_Hilo_360_Small_Conference_Hall-CC.jpg,NOIRLab/NSF/AURA/P. Horálek
2022_03_30_Hilo_360_Entrance_Inside_6-CC.jpg,https://storage.noirlab.edu/media/archives/images/large/2022_03_30_Hilo_360_Entrance_Inside_6-CC.jpg,International Gemini Observatory/NOIRLab/NSF/AURA/ P. Horálek
2022_03_30_Hilo_360_Entrance_Outside_1-CC.jpg,https://storage.noirlab.edu/media/archives/images/large/2022_03_30_Hilo_360_Entrance_Outside_1-CC.jpg,International Gemini Observatory/NOIRLab/NSF/AURA/ P. Horálek
2022_03_30_Hilo_360_Garden-CC.jpg,https://storage.noirlab.edu/media/archives/images/large/2022_03_30_Hilo_360_Garden-CC.jpg,International Gemini Observatory/NOIRLab/NSF/AURA/P. Horálek
2022_03_30_Hilo_360_Outside_2_Faint_Halo-CC.jpg,https://storage.noirlab.edu/media/archives/images/large/2022_03_30_Hilo_360_Outside_2_Faint_Halo-CC.jpg,International Gemini Observatory/NOIRLab/NSF/AURA/P. Horálek
2022_03_31_Gemini_North_360_Spectrometer1-CC.jpg,https://storage.noirlab.edu/media/archives/images/large/2022_03_31_Gemini_North_360_Spectrometer1-CC.jpg,International Gemini Observatory/NOIRLab/NSF/AURA/P. Horálek
2022_03_31_Gemini_North_360_Tech_Hall1_final-CC.jpg,https://storage.noirlab.edu/media/archives/images/large/2022_03_31_Gemini_North_360_Tech_Hall1_final-CC.jpg,International Gemini Observatory/NOIRLab/NSF/AURA/P. Horálek
2022_03_31_Gemini_North_360_Tech_Hall2_final-CC.jpg,https://storage.noirlab.edu/media/archives/images/large/2022_03_31_Gemini_North_360_Tech_Hall2_final-CC.jpg,International Gemini Observatory/NOIRLab/NSF/AURA/P. Horálek
2022_03_31_Gemini_North_360_Upper_View_final-CC.jpg,https://storage.noirlab.edu/media/archives/images/large/2022_03_31_Gemini_North_360_Upper_View_final-CC.jpg,International Gemini Observatory/NOIRLab/NSF/AURA/P. Horálek
2022_03_31_Gemini_North_360_Upright_Side-CC.jpg,https://storage.noirlab.edu/media/archives/images/large/2022_03_31_Gemini_North_360_Upright_Side-CC.jpg,International Gemini Observatory/NOIRLab/NSF/AURA/P. Horálek
2022_04_06_Pano360_Room_Pachon_Hotel2-CC.jpg,https://storage.noirlab.edu/media/archives/images/large/2022_04_06_Pano360_Room_Pachon_Hotel2-CC.jpg,NOIRLab/AURA/NSF/P. Horálek
2022_04_07_Pano360_GeminiS_Cleanig_Lab-CC.jpg,https://storage.noirlab.edu/media/archives/images/large/2022_04_07_Pano360_GeminiS_Cleanig_Lab-CC.jpg,NOIRLab/NSF/AURA/P. Horálek
2022_04_07_Pano360_GeminiS_Inside1-CC.jpg,https://storage.noirlab.edu/media/archives/images/large/2022_04_07_Pano360_GeminiS_Inside1-CC.jpg,NOIRLab/NSF/AURA/P. Horálek
2022_04_07_Pano360_GeminiS_Office-CC.jpg,https://storage.noirlab.edu/media/archives/images/large/2022_04_07_Pano360_GeminiS_Office-CC.jpg,NOIRLab/NSF/AURA/P. Horálek
2022_04_07_Pano360_Pachon_Hotel_HallWay_E-CC.jpg,https://storage.noirlab.edu/media/archives/images/large/2022_04_07_Pano360_Pachon_Hotel_HallWay_E-CC.jpg,NOIRLab/AURA/NSF/P. Horálek
2022_04_07_Pano360_Pachon_Hotel_Night-CC2.jpg,https://storage.noirlab.edu/media/archives/images/large/2022_04_07_Pano360_Pachon_Hotel_Night-CC2.jpg,NOIRLab/AURA/NSF/P. Horálek
2022_04_07_Pano360_Pachon_Hotel_Relax_Room-CC.jpg,https://storage.noirlab.edu/media/archives/images/large/2022_04_07_Pano360_Pachon_Hotel_Relax_Room-CC.jpg,NOIRLab/AURA/NSF/P. Horálek
2022_04_08_Pano360_Pachon_Hotel_HallWay-CC.jpg,https://storage.noirlab.edu/media/archives/images/large/2022_04_08_Pano360_Pachon_Hotel_HallWay-CC.jpg,NOIRLab/NSF/AURA/P. Horálek
2022_04_09_Pano360_Tololo_Main_Platform_1-CC.jpg,https://storage.noirlab.edu/media/archives/images/large/2022_04_09_Pano360_Tololo_Main_Platform_1-CC.jpg,CTIO/NOIRLab/NSF/AURA/P. Horálek
2022_04_10_Pano360_Tololo_Promt_Evryscope-CC.jpg,https://storage.noirlab.edu/media/archives/images/large/2022_04_10_Pano360_Tololo_Promt_Evryscope-CC.jpg,NOIRLab/NSF/AURA/P. Horálek
2022_04_11_Pano360_Pecinto_Buildings_B_Entrance-CC.jpg,https://storage.noirlab.edu/media/archives/images/large/2022_04_11_Pano360_Pecinto_Buildings_B_Entrance-CC.jpg,NOIRLab/AURA/NSF/P. Horálek
2022_04_11_Pano360_Recinto_B_C_Outside_Garden_1-CC.jpg,https://storage.noirlab.edu/media/archives/images/large/2022_04_11_Pano360_Recinto_B_C_Outside_Garden_1-CC.jpg,NOIRLab/AURA/NSF/P. Horálek
2022_04_11_Pano360_Recinto_BC_By_Road_In_Shadow-CC.jpg,https://storage.noirlab.edu/media/archives/images/large/2022_04_11_Pano360_Recinto_BC_By_Road_In_Shadow-CC.jpg,NOIRLab/AURA/NSF/P. Horálek
2022_04_11_Pano360_Recinto_Bulding_B_C_Outside-CC.jpg,https://storage.noirlab.edu/media/archives/images/large/2022_04_11_Pano360_Recinto_Bulding_B_C_Outside-CC.jpg,NOIRLab/AURA/NSF/P. Horálek
2022_04_11_Pano360_Recinto_Reception-CC.jpg,https://storage.noirlab.edu/media/archives/images/large/2022_04_11_Pano360_Recinto_Reception-CC.jpg,NOIRLab/AURA/NSF/P. Horálek
2022_04_12_Pano360_Recinto_B_C_Control_Room-CC.jpg,https://storage.noirlab.edu/media/archives/images/large/2022_04_12_Pano360_Recinto_B_C_Control_Room-CC.jpg,NOIRLab/AURA/NSF/P. Horálek
2022_04_13_Pano360_Recinto_B_C_D_R-CC.jpg,https://storage.noirlab.edu/media/archives/images/large/2022_04_13_Pano360_Recinto_B_C_D_R-CC.jpg,NOIRLab/NSF/AURA/P. Horálek
2022_04_13_Pano360_Recinto_Build_Deck_C-CC.jpg,https://storage.noirlab.edu/media/archives/images/large/2022_04_13_Pano360_Recinto_Build_Deck_C-CC.jpg,NOIRLab/NSF/AURA/P. Horálek
2022_04_13_Pano360_Recinto_Building_C_Kitchen-CC.jpg,https://storage.noirlab.edu/media/archives/images/large/2022_04_13_Pano360_Recinto_Building_C_Kitchen-CC.jpg,NOIRLab/NSF/AURA/P. Horálek
2022_04_13_Pano360_Recinto_Building_C_M_R-CC.jpg,https://storage.noirlab.edu/media/archives/images/large/2022_04_13_Pano360_Recinto_Building_C_M_R-CC.jpg,NOIRLab/NSF/AURA/P. Horálek
2022_04_13_Pano360_Recinto_Building_F_Metal_W-CC.jpg,https://storage.noirlab.edu/media/archives/images/large/2022_04_13_Pano360_Recinto_Building_F_Metal_W-CC.jpg,NOIRLab/AURA/NSF/P. Horálek
2022_04_13_Pano360_Recinto_Garden_B_A_Stairs-CC.jpg,https://storage.noirlab.edu/media/archives/images/large/2022_04_13_Pano360_Recinto_Garden_B_A_Stairs-CC.jpg,NOIRLab/NSF/AURA/P. Horálek
2022_04_13_Pano360_Recinto_Garden_Coridor_C-CC.jpg,https://storage.noirlab.edu/media/archives/images/large/2022_04_13_Pano360_Recinto_Garden_Coridor_C-CC.jpg,NOIRLab/NSF/AURA/P. Horálek
2022_04_16_360Pano_Robotically_Controlled_Teles-CC.jpg,https://storage.noirlab.edu/media/archives/images/large/2022_04_16_360Pano_Robotically_Controlled_Teles-CC.jpg,NOIRLab/AURA/NSF/P. Horálek
2022_04_24_360Pano_Kitt_Peak_Visitor_Center_O1-CC.jpg,https://storage.noirlab.edu/media/archives/images/large/2022_04_24_360Pano_Kitt_Peak_Visitor_Center_O1-CC.jpg,NOIRLab/AURA/NSF/P. Horálek
2022_07_04_Pano360_GeminiS_Control_Room1-CC.jpg,https://storage.noirlab.edu/media/archives/images/large/2022_07_04_Pano360_GeminiS_Control_Room1-CC.jpg,NOIRLab/NSF/AURA/P. Horálek
2022_07_04_Pano360_GeminiS_Control_Room2-CC.jpg,https://storage.noirlab.edu/media/archives/images/large/2022_07_04_Pano360_GeminiS_Control_Room2-CC.jpg,NOIRLab/NSF/AURA/P. Horálek
2022_11_05_360Pano_Tucson_HQ_Reception_New-CC.jpg,https://storage.noirlab.edu/media/archives/images/large/2022_11_05_360Pano_Tucson_HQ_Reception_New-CC.jpg,NOIRLab/NSF/AURA/P. Horálek
2022_11_05_360Pano_Tucson_HQ_Street-CC.jpg,https://storage.noirlab.edu/media/archives/images/large/2022_11_05_360Pano_Tucson_HQ_Street-CC.jpg,NOIRLab/NSF/AURA/P. Horálek
2022_11_07_360Pano_KPNO_Dining_Room-CC.jpg,https://storage.noirlab.edu/media/archives/images/large/2022_11_07_360Pano_KPNO_Dining_Room-CC.jpg,KPNO/NOIRLab/NSF/AURA/P. Horálek
2022_11_07_360Pano_KPNO_Visitor_Center-CC.jpg,https://storage.noirlab.edu/media/archives/images/large/2022_11_07_360Pano_KPNO_Visitor_Center-CC.jpg,KPNO/NOIRLab/NSF/AURA/P. Horálek
20220329_Gemini_North_360_Cleaning-CC.jpg,https://storage.noirlab.edu/media/archives/images/large/20220329_Gemini_North_360_Cleaning-CC.jpg,NOIRLab/AURA/NSF/P. Horálek
20220329_Hilo_Planetarium_HQ-CC2.jpg,https://storage.noirlab.edu/media/archives/images/large/20220329_Hilo_Planetarium_HQ-CC2.jpg,NOIRLab/AURA/NSF/P. Horálek
20220330_Gemini_North_Bottom_View-CC.jpg,https://storage.noirlab.edu/media/archives/images/large/20220330_Gemini_North_Bottom_View-CC.jpg,NOIRLab/AURA/NSF/P. Horálek
20220409_Pano360_Victor_B_4m_TelesControlRoom-CC.jpg,https://storage.noirlab.edu/media/archives/images/large/20220409_Pano360_Victor_B_4m_TelesControlRoom-CC.jpg,CTIO/NOIRLab/NSF/AURA/P. Horálek
20220413_Pano360_RecintoB_C_2nd_DeckCorridor-CC.jpg,https://storage.noirlab.edu/media/archives/images/large/20220413_Pano360_RecintoB_C_2nd_DeckCorridor-CC.jpg,NOIRLab/NSF/AURA/P. Horálek
20220413_Pano360_RecintoB_C_2ndDeckCorridorP-CC.jpg,https://storage.noirlab.edu/media/archives/images/large/20220413_Pano360_RecintoB_C_2ndDeckCorridorP-CC.jpg,NOIRLab/NSF/AURA/P. Horálek
20221105_360Pano_Tucson_HQ_Conference_Hall_New-CC.jpg,https://storage.noirlab.edu/media/archives/images/large/20221105_360Pano_Tucson_HQ_Conference_Hall_New-CC.jpg,NOIRLab/NSF/AURA/P. Horálek
20221105_360Pano_Tucson_HQ_Outside_U-CC.jpg,https://storage.noirlab.edu/media/archives/images/large/20221105_360Pano_Tucson_HQ_Outside_U-CC.jpg,NOIRLab/NSF/AURA/P. Horálek
20221105_360Pano_TucsonHQOutsideMainEntranceNew-CC.jpg,https://storage.noirlab.edu/media/archives/images/large/20221105_360Pano_TucsonHQOutsideMainEntranceNew-CC.jpg,NOIRLab/NSF/AURA/P. Horálek
360Pano_Displays_room-CC.jpg,https://storage.noirlab.edu/media/archives/images/large/360Pano_Displays_room-CC.jpg,NOIRLab/NSF/AURA/P. Horálek
360Pano_Garden-CC.jpg,https://storage.noirlab.edu/media/archives/images/large/360Pano_Garden-CC.jpg,NOIRLab/NSF/AURA/ T. Slovinský
360Pano_Kitt_Peak_Visitor_Center_Outside2-CC.jpg,https://storage.noirlab.edu/media/archives/images/large/360Pano_Kitt_Peak_Visitor_Center_Outside2-CC.jpg,KPNO/NOIRLab/NSF/AURA/P. Horálek
360Pano_Machine_room_2-CC.jpg,https://storage.noirlab.edu/media/archives/images/large/360Pano_Machine_room_2-CC.jpg,NOIRLab/NSF/AURA/T. Slovinský
360Pano_Machine_room_3-CC.jpg,https://storage.noirlab.edu/media/archives/images/large/360Pano_Machine_room_3-CC.jpg,NOIRLab/NSF/AURA/ T. Slovinský
360Pano_Meeting_room-CC.jpg,https://storage.noirlab.edu/media/archives/images/large/360Pano_Meeting_room-CC.jpg,NOIRLab/NSF/AURA/T. Slovinský
360Pano_NicholasU-Mayall_4m_Telescope-CC.jpg,https://storage.noirlab.edu/media/archives/images/large/360Pano_NicholasU-Mayall_4m_Telescope-CC.jpg,NOIRLab/NSF/AURA/T. Slovinský
Cerro_Tololo_Drone_360_1-CC2-ex.jpg,https://storage.noirlab.edu/media/archives/images/large/Cerro_Tololo_Drone_360_1-CC2-ex.jpg,NOIRLab/NSF/AURA/ T. Matsopoulos
Cerro_Tololo_Drone_360_2-CC2ex.jpg,https://storage.noirlab.edu/media/archives/images/large/Cerro_Tololo_Drone_360_2-CC2ex.jpg,NOIRLab/NSF/AURA/ T. Matsopoulos
CerroPachon_RUBIN_ControlRoom-Panorama-CC.jpg,https://storage.noirlab.edu/media/archives/images/large/CerroPachon_RUBIN_ControlRoom-Panorama-CC.jpg,Rubin Observatory/NOIRLab/AURA/NSF/T. Slovinský
Group_3-DJI_0001_CC_DJI_0026_CC-26-CC2ex.jpg,https://storage.noirlab.edu/media/archives/images/large/Group_3-DJI_0001_CC_DJI_0026_CC-26-CC2ex.jpg,NOIRLab/NSF/AURA/ T. Matsopoulos
Group_6-DJI_0001_CC_DJI_0026_CC-26-CC2ex.jpg,https://storage.noirlab.edu/media/archives/images/large/Group_6-DJI_0001_CC_DJI_0026_CC-26-CC2ex.jpg,NOIRLab/NSF/AURA/ T. Matsopoulos
Hilo_360_Entrance_Inside_3-CC.jpg,https://storage.noirlab.edu/media/archives/images/large/Hilo_360_Entrance_Inside_3-CC.jpg,International Gemini Observatory/NOIRLab/NSF/AURA/P. Horálek
Hilo-360_1-CC.jpg,https://storage.noirlab.edu/media/archives/images/large/Hilo-360_1-CC.jpg,International Gemini Observatory/NOIRLab/NSF/AURA/T. Matsopoulos
Mayall_360_1-CC_78.jpg,https://storage.noirlab.edu/media/archives/images/large/Mayall_360_1-CC_78.jpg,KPNO/NOIRLab/NSF/AURA/T. Matsopoulos
Pachon-Drone-pano-360-1-CC-ex.jpg,https://storage.noirlab.edu/media/archives/images/large/Pachon-Drone-pano-360-1-CC-ex.jpg,NOIRLab/NSF/AURA/ T. Matsopoulos
Pano360_Recinto_Boulding_B_Colorful_Frontage-CC2.jpg,https://storage.noirlab.edu/media/archives/images/large/Pano360_Recinto_Boulding_B_Colorful_Frontage-CC2.jpg,NOIRLab/AURA/NSF/P. Horálek
Pano360_Room_Pachon_Hotel1-CC.jpg,https://storage.noirlab.edu/media/archives/images/large/Pano360_Room_Pachon_Hotel1-CC.jpg,CTIO/NOIRLab/NSF/AURA/P. Horálek
Pano360_SOAR2-CC.jpg,https://storage.noirlab.edu/media/archives/images/large/Pano360_SOAR2-CC.jpg,CTIO/NOIRLab/NSF/AURA/P. Horálek
Pano360_Tololo_SMARTS_0p9_Telescope_EQ-CC.jpg,https://storage.noirlab.edu/media/archives/images/large/Pano360_Tololo_SMARTS_0p9_Telescope_EQ-CC.jpg,CTIO/NOIRLab/NSF/AURA/P. Horálek
Pano360_Victor_Bienco_4m_Telescope_Relax_Hall-CC.jpg,https://storage.noirlab.edu/media/archives/images/large/Pano360_Victor_Bienco_4m_Telescope_Relax_Hall-CC.jpg,CTIO/NOIRLab/NSF/AURA/P. Horálek
RC_Telescope_360_2-CC_81.jpg,https://storage.noirlab.edu/media/archives/images/large/RC_Telescope_360_2-CC_81.jpg,KPNO/NOIRLab/NSF/AURA/T. Matsopoulos
54019661509_8519109104_o.jpg,https://www.flickr.com/photos/201512182@N06/54019661509/sizes/o/,
53081605312_9cdfb5f9e8_o.jpg,https://www.flickr.com/photos/archstanton/53081605312/sizes/o/,
53083689232_a05b91e379_o.jpg,https://www.flickr.com/photos/archstanton/53083689232/sizes/o/,
53083962361_1bda1158e0_o.jpg,https://www.flickr.com/photos/archstanton/53083962361/sizes/o/,
53084152039_7acf7f1112_o.jpg,https://www.flickr.com/photos/archstanton/53084152039/sizes/o/,
53084152144_e8cf69559b_o.jpg,https://www.flickr.com/photos/archstanton/53084152144/sizes/o/,
53084366370_0e3d1b0f59_o.jpg,https://www.flickr.com/photos/archstanton/53084366370/sizes/o/,
53084366415_740b7c48ea_o.jpg,https://www.flickr.com/photos/archstanton/53084366415/sizes/o/,
53084366435_2775299cfd_o.jpg,https://www.flickr.com/photos/archstanton/53084366435/sizes/o/,
53084444679_a22298f3fb_o.jpg,https://www.flickr.com/photos/archstanton/53084444679/sizes/o/,
53084455573_d91c18571e_o.jpg,https://www.flickr.com/photos/archstanton/53084455573/sizes/o/,
53084662140_ce217e40d5_o.jpg,https://www.flickr.com/photos/archstanton/53084662140/sizes/o/,
53084662315_466d00c74c_o.jpg,https://www.flickr.com/photos/archstanton/53084662315/sizes/o/,
53084750858_04c3db34fa_o.jpg,https://www.flickr.com/photos/archstanton/53084750858/sizes/o/,
53171277473_0f1f98e327_o.jpg,https://www.flickr.com/photos/archstanton/53171277473/sizes/o/,
53171985345_b1bf3700a6_o.jpg,https://www.flickr.com/photos/archstanton/53171985345/sizes/o/,
53172037823_191ee447ed_o.jpg,https://www.flickr.com/photos/archstanton/53172037823/sizes/o/,
53246136648_86fac8453e_o.jpg,https://www.flickr.com/photos/archstanton/53246136648/sizes/o/,
53246976389_2a5848a811_o.jpg,https://www.flickr.com/photos/archstanton/53246976389/sizes/o/,
53251762077_a5bf7aeca0_o.jpg,https://www.flickr.com/photos/archstanton/53251762077/sizes/o/,
53317900201_06f98a8b69_o.jpg,https://www.flickr.com/photos/archstanton/53317900201/sizes/o/,
53320145856_d8fb7d2309_o.jpg,https://www.flickr.com/photos/archstanton/53320145856/sizes/o/,
53322652669_44be64edfb_o.jpg,https://www.flickr.com/photos/archstanton/53322652669/sizes/o/,
53327155397_6f1cf066b0_o.jpg,https://www.flickr.com/photos/archstanton/53327155397/sizes/o/,
53344289732_2fa28b063f_o.jpg,https://www.flickr.com/photos/archstanton/53344289732/sizes/o/,
53347003081_01af876cc8_o.jpg,https://www.flickr.com/photos/archstanton/53347003081/sizes/o/,
53369494816_e89a4afa1e_o.jpg,https://www.flickr.com/photos/archstanton/53369494816/sizes/o/,
53370436837_4876f51826_o.jpg,https://www.flickr.com/photos/archstanton/53370436837/sizes/o/,
53378166371_4d63b1201d_o.jpg,https://www.flickr.com/photos/archstanton/53378166371/sizes/o/,
53405848051_718950c9d5_o.jpg,https://www.flickr.com/photos/archstanton/53405848051/sizes/o/,
53417839417_8939706f8b_o.jpg,https://www.flickr.com/photos/archstanton/53417839417/sizes/o/,
53420244118_2b86b061c4_o.jpg,https://www.flickr.com/photos/archstanton/53420244118/sizes/o/,
53421157229_27a6009d78_o.jpg,https://www.flickr.com/photos/archstanton/53421157229/sizes/o/,
53427411733_0a54889f5e_o.jpg,https://www.flickr.com/photos/archstanton/53427411733/sizes/o/,
53451273431_c824ed79aa_o.jpg,https://www.flickr.com/photos/archstanton/53451273431/sizes/o/,
53455650104_1bebb2cfd6_o.jpg,https://www.flickr.com/photos/archstanton/53455650104/sizes/o/,
53458147118_ed2471a177_o.jpg,https://www.flickr.com/photos/archstanton/53458147118/sizes/o/,
53499825716_1f97d186c4_o.jpg,https://www.flickr.com/photos/archstanton/53499825716/sizes/o/,
53546383229_f7c26fa3fb_o.jpg,https://www.flickr.com/photos/archstanton/53546383229/sizes/o/,
53547020506_d9a7217f4d_o.jpg,https://www.flickr.com/photos/archstanton/53547020506/sizes/o/,
53564429422_da5ee7c3c7_o.jpg,https://www.flickr.com/photos/archstanton/53564429422/sizes/o/,
53568101911_e6b04f6099_o.jpg,https://www.flickr.com/photos/archstanton/53568101911/sizes/o/,
53569641774_7b61b95c5e_o.jpg,https://www.flickr.com/photos/archstanton/53569641774/sizes/o/,
53573839186_74207bfbfd_o.jpg,https://www.flickr.com/photos/archstanton/53573839186/sizes/o/,
53574465341_2f1fd532b6_o.jpg,https://www.flickr.com/photos/archstanton/53574465341/sizes/o/,
53611176818_6751d7b993_o.jpg,https://www.flickr.com/photos/archstanton/53611176818/sizes/o/,
53628510944_5f922e7bf5_o.jpg,https://www.flickr.com/photos/archstanton/53628510944/sizes/o/,
53630206191_f762774340_o.jpg,https://www.flickr.com/photos/archstanton/53630206191/sizes/o/,
53642742119_67ed70a66e_o.jpg,https://www.flickr.com/photos/archstanton/53642742119/sizes/o/,
53685521943_392186ccb3_o.jpg,https://www.flickr.com/photos/archstanton/53685521943/sizes/o/,
53700115417_510ec98a12_o.jpg,https://www.flickr.com/photos/archstanton/53700115417/sizes/o/,
53714236838_9e1739b543_o.jpg,https://www.flickr.com/photos/archstanton/53714236838/sizes/o/,
53732607754_9ccf88c882_o.jpg,https://www.flickr.com/photos/archstanton/53732607754/sizes/o/,
53775339972_5545a5862e_o.jpg,https://www.flickr.com/photos/archstanton/53775339972/sizes/o/,
53775710212_11b8fca10c_o.jpg,https://www.flickr.com/photos/archstanton/53775710212/sizes/o/,
53781005891_034d155e87_o.jpg,https://www.flickr.com/photos/archstanton/53781005891/sizes/o/,
53781369723_d5903158d6_o.jpg,https://www.flickr.com/photos/archstanton/53781369723/sizes/o/,
53782408529_b25f943dd3_o.jpg,https://www.flickr.com/photos/archstanton/53782408529/sizes/o/,
53879074016_e4a81f8529_o.jpg,https://www.flickr.com/photos/archstanton/53879074016/sizes/o/,
53886427217_69562a9fa1_o.jpg,https://www.flickr.com/photos/archstanton/53886427217/sizes/o/,
53888124377_a57fe211a1_o.jpg,https://www.flickr.com/photos/archstanton/53888124377/sizes/o/,
53894037371_f3e1e29681_o.jpg,https://www.flickr.com/photos/archstanton/53894037371/sizes/o/,
53902338654_b5dc18a9b3_o.jpg,https://www.flickr.com/photos/archstanton/53902338654/sizes/o/,
53918558696_eb4d4ba5b6_o.jpg,https://www.flickr.com/photos/archstanton/53918558696/sizes/o/,
53918805618_f280ddaa20_o.jpg,https://www.flickr.com/photos/archstanton/53918805618/sizes/o/,
53926533422_0a87e3b988_o.jpg,https://www.flickr.com/photos/archstanton/53926533422/sizes/o/,
53932084630_758084c89f_o.jpg,https://www.flickr.com/photos/archstanton/53932084630/sizes/o/,
53934154081_75074fe893_o.jpg,https://www.flickr.com/photos/archstanton/53934154081/sizes/o/,
53939384016_4f7380627b_o.jpg,https://www.flickr.com/photos/archstanton/53939384016/sizes/o/,
53940659199_bd6ed65ecd_o.jpg,https://www.flickr.com/photos/archstanton/53940659199/sizes/o/,
54001697299_869af1608b_o.jpg,https://www.flickr.com/photos/archstanton/54001697299/sizes/o/,
54029474007_09bb702f71_o.jpg,https://www.flickr.com/photos/archstanton/54029474007/sizes/o/,
54047711888_8b3090681a_o.jpg,https://www.flickr.com/photos/archstanton/54047711888/sizes/o/,
54088184708_b9d6382f3e_o.jpg,https://www.flickr.com/photos/archstanton/54088184708/sizes/o/,
54088831719_def3cc0183_o.jpg,https://www.flickr.com/photos/archstanton/54088831719/sizes/o/,
54095276508_36e2602b3b_o.jpg,https://www.flickr.com/photos/archstanton/54095276508/sizes/o/,
54134968122_c6a3157b75_o.jpg,https://www.flickr.com/photos/archstanton/54134968122/sizes/o/,
54149149496_735284f8cb_o.jpg,https://www.flickr.com/photos/archstanton/54149149496/sizes/o/,
54151881446_1d3b1b9498_o.jpg,https://www.flickr.com/photos/archstanton/54151881446/sizes/o/,
54169905147_19515b0d23_o.jpg,https://www.flickr.com/photos/archstanton/54169905147/sizes/o/,
54217210066_63cb205655_o.jpg,https://www.flickr.com/photos/archstanton/54217210066/sizes/o/,
54221016046_109b72f07a_o.jpg,https://www.flickr.com/photos/archstanton/54221016046/sizes/o/,
54224121382_a331630faa_o.jpg,https://www.flickr.com/photos/archstanton/54224121382/sizes/o/,
54228747804_6efa658096_o.jpg,https://www.flickr.com/photos/archstanton/54228747804/sizes/o/,
54230482701_1b080a4e89_o.jpg,https://www.flickr.com/photos/archstanton/54230482701/sizes/o/,
54285792205_c563ebf6d6_o.jpg,https://www.flickr.com/photos/archstanton/54285792205/sizes/o/,
54289584368_f2a71c0e34_o.jpg,https://www.flickr.com/photos/archstanton/54289584368/sizes/o/,
54291942949_106b4e629a_o.jpg,https://www.flickr.com/photos/archstanton/54291942949/sizes/o/,
54293998633_06b58d119c_o.jpg,https://www.flickr.com/photos/archstanton/54293998633/sizes/o/,
54294739451_dc46c7eef2_o.jpg,https://www.flickr.com/photos/archstanton/54294739451/sizes/o/,
54295852685_0a1c9dccee_o.jpg,https://www.flickr.com/photos/archstanton/54295852685/sizes/o/,
54297589079_f2e61f24e7_o.jpg,https://www.flickr.com/photos/archstanton/54297589079/sizes/o/,
54340683695_5b1db4b31b_o.jpg,https://www.flickr.com/photos/archstanton/54340683695/sizes/o/,
54365900743_615870c0b8_o.jpg,https://www.flickr.com/photos/archstanton/54365900743/sizes/o/,
54367367531_9096f6b3bb_o.jpg,https://www.flickr.com/photos/archstanton/54367367531/sizes/o/,
54371931608_b83e30850f_o.jpg,https://www.flickr.com/photos/archstanton/54371931608/sizes/o/,
54380511088_b4c88f6f65_o.jpg,https://www.flickr.com/photos/archstanton/54380511088/sizes/o/,
54382704261_388fe36798_o.jpg,https://www.flickr.com/photos/archstanton/54382704261/sizes/o/,
54393451269_ca6cb15519_o.jpg,https://www.flickr.com/photos/archstanton/54393451269/sizes/o/,
54399653367_094235e60a_o.jpg,https://www.flickr.com/photos/archstanton/54399653367/sizes/o/,
54402441557_7f2b02e600_o.jpg,https://www.flickr.com/photos/archstanton/54402441557/sizes/o/,
54412387540_8ba98e75f8_o.jpg,https://www.flickr.com/photos/archstanton/54412387540/sizes/o/,
54416185748_59f98780e9_o.jpg,https://www.flickr.com/photos/archstanton/54416185748/sizes/o/,
54421256077_3d1e6fea2e_o.jpg,https://www.flickr.com/photos/archstanton/54421256077/sizes/o/,
54441937109_bb54767d57_o.jpg,https://www.flickr.com/photos/archstanton/54441937109/sizes/o/,
54457236592_1a72a7e6b4_o.jpg,https://www.flickr.com/photos/archstanton/54457236592/sizes/o/,
54462607731_2c9ca870af_o.jpg,https://www.flickr.com/photos/archstanton/54462607731/sizes/o/,
50487514803_4e4b0791fb_o.jpg,https://www.flickr.com/photos/darth-fer-75/50487514803/sizes/o/,
50487877431_cf5db9c3a5_o.jpg,https://www.flickr.com/photos/darth-fer-75/50487877431/sizes/o/,
50488004442_b4f2ba9512_o.jpg,https://www.flickr.com/photos/darth-fer-75/50488004442/sizes/o/,
50489242962_9f5d80b590_o.jpg,https://www.flickr.com/photos/darth-fer-75/50489242962/sizes/o/,
50489655657_394f1c5781_o.jpg,https://www.flickr.com/photos/darth-fer-75/50489655657/sizes/o/,
50493416968_926e78eb2d_o.jpg,https://www.flickr.com/photos/darth-fer-75/50493416968/sizes/o/,
50494788382_6629b4521d_o.jpg,https://www.flickr.com/photos/darth-fer-75/50494788382/sizes/o/,
50727352517_c3c5b9c1bb_o.jpg,https://www.flickr.com/photos/darth-fer-75/50727352517/sizes/o/,
50727464432_015563cc97_o.jpg,https://www.flickr.com/photos/darth-fer-75/50727464432/sizes/o/,
50741109133_a5fa20fe09_o.jpg,https://www.flickr.com/photos/darth-fer-75/50741109133/sizes/o/,
50743022821_6a9b9140ed_o.jpg,https://www.flickr.com/photos/darth-fer-75/50743022821/sizes/o/,
50744510732_87a6d961ef_o.jpg,https://www.flickr.com/photos/darth-fer-75/50744510732/sizes/o/,
50744651336_4cae8b50b5_o.jpg,https://www.flickr.com/photos/darth-fer-75/50744651336/sizes/o/,
50747615617_831d774abc_o.jpg,https://www.flickr.com/photos/darth-fer-75/50747615617/sizes/o/,
50747656766_2e0c57a238_o.jpg,https://www.flickr.com/photos/darth-fer-75/50747656766/sizes/o/,
50747871306_877213a438_o.jpg,https://www.flickr.com/photos/darth-fer-75/50747871306/sizes/o/,
50747974856_cb17391a1f_o.jpg,https://www.flickr.com/photos/darth-fer-75/50747974856/sizes/o/,
50748405846_7096e89ef1_o.jpg,https://www.flickr.com/photos/darth-fer-75/50748405846/sizes/o/,
50796374426_7f36f08b90_o.jpg,https://www.flickr.com/photos/darth-fer-75/50796374426/sizes/o/,
50796375196_7433fdecd3_o.jpg,https://www.flickr.com/photos/darth-fer-75/50796375196/sizes/o/,
50796375841_46ef9f7a17_o.jpg,https://www.flickr.com/photos/darth-fer-75/50796375841/sizes/o/,
50825383863_51c50ee6c0_o.jpg,https://www.flickr.com/photos/darth-fer-75/50825383863/sizes/o/,
50826137866_b31047fe51_o.jpg,https://www.flickr.com/photos/darth-fer-75/50826137866/sizes/o/,
51098873978_8544f12074_o.jpg,https://www.flickr.com/photos/darth-fer-75/51098873978/sizes/o/,
51104316270_7034919d21_o.jpg,https://www.flickr.com/photos/darth-fer-75/51104316270/sizes/o/,
51147327312_997e507caf_o.jpg,https://www.flickr.com/photos/darth-fer-75/51147327312/sizes/o/,
51164611692_2db6faf8e4_o.jpg,https://www.flickr.com/photos/darth-fer-75/51164611692/sizes/o/,
51166075996_42b342e08b_o.jpg,https://www.flickr.com/photos/darth-fer-75/51166075996/sizes/o/,
51166311228_b123534320_o.jpg,https://www.flickr.com/photos/darth-fer-75/51166311228/sizes/o/,
51368608957_55323f8da9_o.jpg,https://www.flickr.com/photos/darth-fer-75/51368608957/sizes/o/,
51369591403_aba6cde398_o.jpg,https://www.flickr.com/photos/darth-fer-75/51369591403/sizes/o/,
51586235995_28e0cd267b_o.jpg,https://www.flickr.com/photos/darth-fer-75/51586235995/sizes/o/,
51586920137_9996ed13dd_o.jpg,https://www.flickr.com/photos/darth-fer-75/51586920137/sizes/o/,
51591500926_feb9c19241_o.jpg,https://www.flickr.com/photos/darth-fer-75/51591500926/sizes/o/,
51647620870_1f5b138a33_o.jpg,https://www.flickr.com/photos/darth-fer-75/51647620870/sizes/o/,
51742371014_79b41a50e2_o.jpg,https://www.flickr.com/photos/darth-fer-75/51742371014/sizes/o/,
52213955799_426f9ba610_o.jpg,https://www.flickr.com/photos/darth-fer-75/52213955799/sizes/o/,
48324200947_994e78158a_o.jpg,https://www.flickr.com/photos/hapephotographix/48324200947/sizes/o/,
48474439672_98ca55d9d1_o.jpg,https://www.flickr.com/photos/hapephotographix/48474439672/sizes/o/,
48529051761_c4d4e91c95_o.jpg,https://www.flickr.com/photos/hapephotographix/48529051761/sizes/o/,
48607161172_6fce9ba295_o.jpg,https://www.flickr.com/photos/hapephotographix/48607161172/sizes/o/,
48660699557_8d3377d7ec_o.jpg,https://www.flickr.com/photos/hapephotographix/48660699557/sizes/o/,
48793756178_75e2dbf467_o.jpg,https://www.flickr.com/photos/hapephotographix/48793756178/sizes/o/,
48821470518_60e5bb0c1b_o.jpg,https://www.flickr.com/photos/hapephotographix/48821470518/sizes/o/,
48880253542_dc0023abdc_o.jpg,https://www.flickr.com/photos/hapephotographix/48880253542/sizes/o/,
48910079311_23fa07ec6a_o.jpg,https://www.flickr.com/photos/hapephotographix/48910079311/sizes/o/,
48936083438_e6c4800ecd_o.jpg,https://www.flickr.com/photos/hapephotographix/48936083438/sizes/o/,
48972195712_6f5294bf2f_o.jpg,https://www.flickr.com/photos/hapephotographix/48972195712/sizes/o/,
49031965336_fa4269b4ee_o.jpg,https://www.flickr.com/photos/hapephotographix/49031965336/sizes/o/,
49066366267_e59b0d6927_o.jpg,https://www.flickr.com/photos/hapephotographix/49066366267/sizes/o/,
49096907692_ce20f9a39f_o.jpg,https://www.flickr.com/photos/hapephotographix/49096907692/sizes/o/,
49123328087_6e9ef18045_o.jpg,https://www.flickr.com/photos/hapephotographix/49123328087/sizes/o/,
49147018898_43b2429bc1_o.jpg,https://www.flickr.com/photos/hapephotographix/49147018898/sizes/o/,
49248667937_b3656b1a6a_o.jpg,https://www.flickr.com/photos/hapephotographix/49248667937/sizes/o/,
49275536536_ed32a481d1_o.jpg,https://www.flickr.com/photos/hapephotographix/49275536536/sizes/o/,
49333683698_ccf4a1a599_o.jpg,https://www.flickr.com/photos/hapephotographix/49333683698/sizes/o/,
49395287118_3e28318ab2_o.jpg,https://www.flickr.com/photos/hapephotographix/49395287118/sizes/o/,
49420127741_a7e9473be1_o.jpg,https://www.flickr.com/photos/hapephotographix/49420127741/sizes/o/,
49445100943_9b9dfbf81b_o.jpg,https://www.flickr.com/photos/hapephotographix/49445100943/sizes/o/,
49470089992_1d75998a79_o.jpg,https://www.flickr.com/photos/hapephotographix/49470089992/sizes/o/,
49479880741_806baa3828_o.jpg,https://www.flickr.com/photos/hapephotographix/49479880741/sizes/o/,
49487963168_41b92ba998_o.jpg,https://www.flickr.com/photos/hapephotographix/49487963168/sizes/o/,
49501714013_68343e6487_o.jpg,https://www.flickr.com/photos/hapephotographix/49501714013/sizes/o/,
49516393278_53b2862698_o.jpg,https://www.flickr.com/photos/hapephotographix/49516393278/sizes/o/,
49530806906_6a7ffc61e1_o.jpg,https://www.flickr.com/photos/hapephotographix/49530806906/sizes/o/,
49543834301_95f659c525_o.jpg,https://www.flickr.com/photos/hapephotographix/49543834301/sizes/o/,
49557673177_2c6e98452a_o.jpg,https://www.flickr.com/photos/hapephotographix/49557673177/sizes/o/,
49570073957_df47469640_o.jpg,https://www.flickr.com/photos/hapephotographix/49570073957/sizes/o/,
49585274767_24ce8226f0_o.jpg,https://www.flickr.com/photos/hapephotographix/49585274767/sizes/o/,
49595930273_3cfd0c7e0e_o.jpg,https://www.flickr.com/photos/hapephotographix/49595930273/sizes/o/,
49610324822_08182f7019_o.jpg,https://www.flickr.com/photos/hapephotographix/49610324822/sizes/o/,
49635475627_8f38483eae_o.jpg,https://www.flickr.com/photos/hapephotographix/49635475627/sizes/o/,
49648637256_6ac2b6eebe_o.jpg,https://www.flickr.com/photos/hapephotographix/49648637256/sizes/o/,
49662427008_0c329db17a_o.jpg,https://www.flickr.com/photos/hapephotographix/49662427008/sizes/o/,
49680274882_d48774569f_o.jpg,https://www.flickr.com/photos/hapephotographix/49680274882/sizes/o/,
49691098516_3e532e90af_o.jpg,https://www.flickr.com/photos/hapephotographix/49691098516/sizes/o/,
49703804397_2d166596a9_o.jpg,https://www.flickr.com/photos/hapephotographix/49703804397/sizes/o/,
49713273916_5d10ea75d5_o.jpg,https://www.flickr.com/photos/hapephotographix/49713273916/sizes/o/,
49724957206_b6cf9df827_o.jpg,https://www.flickr.com/photos/hapephotographix/49724957206/sizes/o/,
49735842251_d476931c4b_o.jpg,https://www.flickr.com/photos/hapephotographix/49735842251/sizes/o/,
49746125998_9573721efb_o.jpg,https://www.flickr.com/photos/hapephotographix/49746125998/sizes/o/,
49757866967_8b96e8b1b1_o.jpg,https://www.flickr.com/photos/hapephotographix/49757866967/sizes/o/,
49770189797_8d55993177_o.jpg,https://www.flickr.com/photos/hapephotographix/49770189797/sizes/o/,
49781907637_d12a141c11_o.jpg,https://www.flickr.com/photos/hapephotographix/49781907637/sizes/o/,
49793929511_ca121df9d0_o.jpg,https://www.flickr.com/photos/hapephotographix/49793929511/sizes/o/,
49806586867_421452a5a1_o.jpg,https://www.flickr.com/photos/hapephotographix/49806586867/sizes/o/,
49821976148_319a4041a0_o.jpg,https://www.flickr.com/photos/hapephotographix/49821976148/sizes/o/,
49855474273_f4037ebc13_o.jpg,https://www.flickr.com/photos/hapephotographix/49855474273/sizes/o/,
49891259408_f3b4f74877_o.jpg,https://www.flickr.com/photos/hapephotographix/49891259408/sizes/o/,
49912776803_c80bb56b58_o.jpg,https://www.flickr.com/photos/hapephotographix/49912776803/sizes/o/,
49938974912_86a10ae2e4_o.jpg,https://www.flickr.com/photos/hapephotographix/49938974912/sizes/o/,
49964831462_1a1d230a31_o.jpg,https://www.flickr.com/photos/hapephotographix/49964831462/sizes/o/,
49974111241_71169d4510_o.jpg,https://www.flickr.com/photos/hapephotographix/49974111241/sizes/o/,
49998358853_0421a7676a_o.jpg,https://www.flickr.com/photos/hapephotographix/49998358853/sizes/o/,
49998359438_cae61f9ee0_o.jpg,https://www.flickr.com/photos/hapephotographix/49998359438/sizes/o/,
49998880421_c1b2dd1f6a_o.jpg,https://www.flickr.com/photos/hapephotographix/49998880421/sizes/o/,
49999132187_55893b25e4_o.jpg,https://www.flickr.com/photos/hapephotographix/49999132187/sizes/o/,
49999132377_98f6435edb_o.jpg,https://www.flickr.com/photos/hapephotographix/49999132377/sizes/o/,
50013812877_7c4074df7c_o.jpg,https://www.flickr.com/photos/hapephotographix/50013812877/sizes/o/,
50027360717_826d264710_o.jpg,https://www.flickr.com/photos/hapephotographix/50027360717/sizes/o/,
50041119067_3c663a1e83_o.jpg,https://www.flickr.com/photos/hapephotographix/50041119067/sizes/o/,
50054908946_6393b83d91_o.jpg,https://www.flickr.com/photos/hapephotographix/50054908946/sizes/o/,
50069212997_b6210d48a7_o.jpg,https://www.flickr.com/photos/hapephotographix/50069212997/sizes/o/,
50083608391_48e0798b80_o.jpg,https://www.flickr.com/photos/hapephotographix/50083608391/sizes/o/,
50098249916_90785f5223_o.jpg,https://www.flickr.com/photos/hapephotographix/50098249916/sizes/o/,
50112952397_d6277277ae_o.jpg,https://www.flickr.com/photos/hapephotographix/50112952397/sizes/o/,
50126467471_1dfbc23d23_o.jpg,https://www.flickr.com/photos/hapephotographix/50126467471/sizes/o/,
50141549241_25da4e8a7f_o.jpg,https://www.flickr.com/photos/hapephotographix/50141549241/sizes/o/,
50155374356_ce0f0a35aa_o.jpg,https://www.flickr.com/photos/hapephotographix/50155374356/sizes/o/,
50185672397_19bc00c3ab_o.jpg,https://www.flickr.com/photos/hapephotographix/50185672397/sizes/o/,
50215527436_c37e065ec3_o.jpg,https://www.flickr.com/photos/hapephotographix/50215527436/sizes/o/,
50229608232_4e11193b3f_o.jpg,https://www.flickr.com/photos/hapephotographix/50229608232/sizes/o/,
50245756342_b50fb41e05_o.jpg,https://www.flickr.com/photos/hapephotographix/50245756342/sizes/o/,
50258877651_29996a84f3_o.jpg,https://www.flickr.com/photos/hapephotographix/50258877651/sizes/o/,
50275702891_2c0d3c0022_o.jpg,https://www.flickr.com/photos/hapephotographix/50275702891/sizes/o/,
50304647478_c77129b524_o.jpg,https://www.flickr.com/photos/hapephotographix/50304647478/sizes/o/,
50320220063_908c188224_o.jpg,https://www.flickr.com/photos/hapephotographix/50320220063/sizes/o/,
50334164671_7f2062372a_o.jpg,https://www.flickr.com/photos/hapephotographix/50334164671/sizes/o/,
50378677063_308661aa59_o.jpg,https://www.flickr.com/photos/hapephotographix/50378677063/sizes/o/,
50394779036_1cd12548b2_o.jpg,https://www.flickr.com/photos/hapephotographix/50394779036/sizes/o/,
50409106856_4af6f07739_o.jpg,https://www.flickr.com/photos/hapephotographix/50409106856/sizes/o/,
50501505963_9f5a8cd054_o.jpg,https://www.flickr.com/photos/hapephotographix/50501505963/sizes/o/,
50517612892_773f31e1fd_o.jpg,https://www.flickr.com/photos/hapephotographix/50517612892/sizes/o/,
50532931173_2eb572b574_o.jpg,https://www.flickr.com/photos/hapephotographix/50532931173/sizes/o/,
50548315806_b6e2a6fa97_o.jpg,https://www.flickr.com/photos/hapephotographix/50548315806/sizes/o/,
50576313103_624aa1f58f_o.jpg,https://www.flickr.com/photos/hapephotographix/50576313103/sizes/o/,
50591017976_b955633010_o.jpg,https://www.flickr.com/photos/hapephotographix/50591017976/sizes/o/,
50606228422_ecacdc601a_o.jpg,https://www.flickr.com/photos/hapephotographix/50606228422/sizes/o/,
50666152577_5be1c32a0e_o.jpg,https://www.flickr.com/photos/hapephotographix/50666152577/sizes/o/,
50668102998_6a482674a5_o.jpg,https://www.flickr.com/photos/hapephotographix/50668102998/sizes/o/,
50715059092_8b1dc35f96_o.jpg,https://www.flickr.com/photos/hapephotographix/50715059092/sizes/o/,
50759370641_e579696b37_o.jpg,https://www.flickr.com/photos/hapephotographix/50759370641/sizes/o/,
50775968297_72968bf5ef_o.jpg,https://www.flickr.com/photos/hapephotographix/50775968297/sizes/o/,
50792015997_16c3275a6e_o.jpg,https://www.flickr.com/photos/hapephotographix/50792015997/sizes/o/,
50808043546_18611cf6fb_o.jpg,https://www.flickr.com/photos/hapephotographix/50808043546/sizes/o/,
50821710897_55337c330b_o.jpg,https://www.flickr.com/photos/hapephotographix/50821710897/sizes/o/,
50835706736_aa04298887_o.jpg,https://www.flickr.com/photos/hapephotographix/50835706736/sizes/o/,
50850075647_5e7df1a0f2_o.jpg,https://www.flickr.com/photos/hapephotographix/50850075647/sizes/o/,
50863871341_b89897efdd_o.jpg,https://www.flickr.com/photos/hapephotographix/50863871341/sizes/o/,
50878573691_04648dfe5f_o.jpg,https://www.flickr.com/photos/hapephotographix/50878573691/sizes/o/,
50890325073_37962d737f_o.jpg,https://www.flickr.com/photos/hapephotographix/50890325073/sizes/o/,
50905507122_e3fc658a90_o.jpg,https://www.flickr.com/photos/hapephotographix/50905507122/sizes/o/,
50919705587_b515906e08_o.jpg,https://www.flickr.com/photos/hapephotographix/50919705587/sizes/o/,
50933426036_a79a662e35_o.jpg,https://www.flickr.com/photos/hapephotographix/50933426036/sizes/o/,
50960143432_0e1fcb0b25_o.jpg,https://www.flickr.com/photos/hapephotographix/50960143432/sizes/o/,
50976237816_a068f12a27_o.jpg,https://www.flickr.com/photos/hapephotographix/50976237816/sizes/o/,
50999716818_60c1d41587_o.jpg,https://www.flickr.com/photos/hapephotographix/50999716818/sizes/o/,
51000047145_0c7ec42554_o.jpg,https://www.flickr.com/photos/hapephotographix/51000047145/sizes/o/,
51010034705_af855a70c7_o.jpg,https://www.flickr.com/photos/hapephotographix/51010034705/sizes/o/,
51013310201_c0205b8d48_o.jpg,https://www.flickr.com/photos/hapephotographix/51013310201/sizes/o/,
51026653851_db2bd178df_o.jpg,https://www.flickr.com/photos/hapephotographix/51026653851/sizes/o/,
51088262699_1e7631541f_o.jpg,https://www.flickr.com/photos/hapephotographix/51088262699/sizes/o/,
51097296503_edd6fe7015_o.jpg,https://www.flickr.com/photos/hapephotographix/51097296503/sizes/o/,
51106402490_09f23f9082_o.jpg,https://www.flickr.com/photos/hapephotographix/51106402490/sizes/o/,
51114732965_aaecdb1a69_o.jpg,https://www.flickr.com/photos/hapephotographix/51114732965/sizes/o/,
51122799397_d978d9b628_o.jpg,https://www.flickr.com/photos/hapephotographix/51122799397/sizes/o/,
51132530929_5e3e3f9eec_o.jpg,https://www.flickr.com/photos/hapephotographix/51132530929/sizes/o/,
51141478155_8f4e8c7abd_o.jpg,https://www.flickr.com/photos/hapephotographix/51141478155/sizes/o/,
51149849730_e186e650d7_o.jpg,https://www.flickr.com/photos/hapephotographix/51149849730/sizes/o/,
51157455777_9dda29ba46_o.jpg,https://www.flickr.com/photos/hapephotographix/51157455777/sizes/o/,
51166324994_7672a10d0a_o.jpg,https://www.flickr.com/photos/hapephotographix/51166324994/sizes/o/,
51183568284_618975f00d_o.jpg,https://www.flickr.com/photos/hapephotographix/51183568284/sizes/o/,
51199535837_3a8f5bb281_o.jpg,https://www.flickr.com/photos/hapephotographix/51199535837/sizes/o/,
51211308957_e565e68a61_o.jpg,https://www.flickr.com/photos/hapephotographix/51211308957/sizes/o/,
51221102233_fa32dd898d_o.jpg,https://www.flickr.com/photos/hapephotographix/51221102233/sizes/o/,
51229419708_db27127a6d_o.jpg,https://www.flickr.com/photos/hapephotographix/51229419708/sizes/o/,
51237579482_995cacaa2c_o.jpg,https://www.flickr.com/photos/hapephotographix/51237579482/sizes/o/,
51247892350_4c11bb4774_o.jpg,https://www.flickr.com/photos/hapephotographix/51247892350/sizes/o/,
51255573973_0b9e059bb2_o.jpg,https://www.flickr.com/photos/hapephotographix/51255573973/sizes/o/,
51272074286_7a3f1335cb_o.jpg,https://www.flickr.com/photos/hapephotographix/51272074286/sizes/o/,
51280567362_420900a9e4_o.jpg,https://www.flickr.com/photos/hapephotographix/51280567362/sizes/o/,
51289053292_b5fd81ffe5_o.jpg,https://www.flickr.com/photos/hapephotographix/51289053292/sizes/o/,
51298715108_91f0154361_o.jpg,https://www.flickr.com/photos/hapephotographix/51298715108/sizes/o/,
51307068458_d02f853663_o.jpg,https://www.flickr.com/photos/hapephotographix/51307068458/sizes/o/,
51318238705_d8e3c0b7bf_o.jpg,https://www.flickr.com/photos/hapephotographix/51318238705/sizes/o/,
51327025424_62a0f2e97c_o.jpg,https://www.flickr.com/photos/hapephotographix/51327025424/sizes/o/,
51353104533_9dbb390bdf_o.jpg,https://www.flickr.com/photos/hapephotographix/51353104533/sizes/o/,
51362062485_4feb2b5d2b_o.jpg,https://www.flickr.com/photos/hapephotographix/51362062485/sizes/o/,
51385276080_16849abf6e_o.jpg,https://www.flickr.com/photos/hapephotographix/51385276080/sizes/o/,
51395443933_dd54b95d20_o.jpg,https://www.flickr.com/photos/hapephotographix/51395443933/sizes/o/,
51406205963_97ec4eb1fe_o.jpg,https://www.flickr.com/photos/hapephotographix/51406205963/sizes/o/,
51431254415_2537e64d1c_o.jpg,https://www.flickr.com/photos/hapephotographix/51431254415/sizes/o/,
51447396860_935b05f036_o.jpg,https://www.flickr.com/photos/hapephotographix/51447396860/sizes/o/,
51520724235_e127f7090f_o.jpg,https://www.flickr.com/photos/hapephotographix/51520724235/sizes/o/,
51541617172_563bf38d97_o.jpg,https://www.flickr.com/photos/hapephotographix/51541617172/sizes/o/,
51576363777_dd8b9bfe6f_o.jpg,https://www.flickr.com/photos/hapephotographix/51576363777/sizes/o/,
51596457834_6176c634d5_o.jpg,https://www.flickr.com/photos/hapephotographix/51596457834/sizes/o/,
51657896590_c253e662e8_o.jpg,https://www.flickr.com/photos/hapephotographix/51657896590/sizes/o/,
51670140971_fb8ed48f52_o.jpg,https://www.flickr.com/photos/hapephotographix/51670140971/sizes/o/,
51693114608_b0c5f0c113_o.jpg,https://www.flickr.com/photos/hapephotographix/51693114608/sizes/o/,
51715938668_76a8242d63_o.jpg,https://www.flickr.com/photos/hapephotographix/51715938668/sizes/o/,
51727050829_53b4ab0f7a_o.jpg,https://www.flickr.com/photos/hapephotographix/51727050829/sizes/o/,
51738485959_3af42685fb_o.jpg,https://www.flickr.com/photos/hapephotographix/51738485959/sizes/o/,
51739903493_727f63fa0c_o.jpg,https://www.flickr.com/photos/hapephotographix/51739903493/sizes/o/,
51750235417_ac68e32afe_o.jpg,https://www.flickr.com/photos/hapephotographix/51750235417/sizes/o/,
51761736543_904ae90234_o.jpg,https://www.flickr.com/photos/hapephotographix/51761736543/sizes/o/,
51776781216_13f189a9d3_o.jpg,https://www.flickr.com/photos/hapephotographix/51776781216/sizes/o/,
51794917684_1a0fccf14d_o.jpg,https://www.flickr.com/photos/hapephotographix/51794917684/sizes/o/,
51806966215_3852caa1df_o.jpg,https://www.flickr.com/photos/hapephotographix/51806966215/sizes/o/,
51819277015_87f5532890_o.jpg,https://www.flickr.com/photos/hapephotographix/51819277015/sizes/o/,
51828900709_92dc82dfa7_o.jpg,https://www.flickr.com/photos/hapephotographix/51828900709/sizes/o/,
51837286162_cc4acfb2d5_o.jpg,https://www.flickr.com/photos/hapephotographix/51837286162/sizes/o/,
51850378229_32227d3d50_o.jpg,https://www.flickr.com/photos/hapephotographix/51850378229/sizes/o/,
51860218258_b9e4df4b33_o.jpg,https://www.flickr.com/photos/hapephotographix/51860218258/sizes/o/,
51870462249_7603438a55_o.jpg,https://www.flickr.com/photos/hapephotographix/51870462249/sizes/o/,
51879537411_c9669700a7_o.jpg,https://www.flickr.com/photos/hapephotographix/51879537411/sizes/o/,
51889355996_bf8a1be121_o.jpg,https://www.flickr.com/photos/hapephotographix/51889355996/sizes/o/,
51899777476_0a80230bf1_o.jpg,https://www.flickr.com/photos/hapephotographix/51899777476/sizes/o/,
51909864088_f75bdff7b6_o.jpg,https://www.flickr.com/photos/hapephotographix/51909864088/sizes/o/,
51920537240_dd2cb68ff5_o.jpg,https://www.flickr.com/photos/hapephotographix/51920537240/sizes/o/,
51929498612_4a17ddcb04_o.jpg,https://www.flickr.com/photos/hapephotographix/51929498612/sizes/o/,
51954641411_d0ea3a01f5_o.jpg,https://www.flickr.com/photos/hapephotographix/51954641411/sizes/o/,
51964910334_42852a18ac_o.jpg,https://www.flickr.com/photos/hapephotographix/51964910334/sizes/o/,
51978096359_f7f7fd87e3_o.jpg,https://www.flickr.com/photos/hapephotographix/51978096359/sizes/o/,
51988823036_5792efd99e_o.jpg,https://www.flickr.com/photos/hapephotographix/51988823036/sizes/o/,
52000438159_db89695853_o.jpg,https://www.flickr.com/photos/hapephotographix/52000438159/sizes/o/,
52013673204_bae574bb1c_o.jpg,https://www.flickr.com/photos/hapephotographix/52013673204/sizes/o/,
52056641844_47fc3100df_o.jpg,https://www.flickr.com/photos/hapephotographix/52056641844/sizes/o/,
52083018944_635baa04d5_o.jpg,https://www.flickr.com/photos/hapephotographix/52083018944/sizes/o/,
52094650750_86211fab59_o.jpg,https://www.flickr.com/photos/hapephotographix/52094650750/sizes/o/,
52110870100_a8b233b5e7_o.jpg,https://www.flickr.com/photos/hapephotographix/52110870100/sizes/o/,
52122437265_27ec90ab91_o.jpg,https://www.flickr.com/photos/hapephotographix/52122437265/sizes/o/,
52133349107_bbc34674b5_o.jpg,https://www.flickr.com/photos/hapephotographix/52133349107/sizes/o/,
52163529229_4fcb3a70c6_o.jpg,https://www.flickr.com/photos/hapephotographix/52163529229/sizes/o/,
52177961130_346f51af68_o.jpg,https://www.flickr.com/photos/hapephotographix/52177961130/sizes/o/,
52191254474_ac8ee72520_o.jpg,https://www.flickr.com/photos/hapephotographix/52191254474/sizes/o/,
52203516882_db599e309b_o.jpg,https://www.flickr.com/photos/hapephotographix/52203516882/sizes/o/,
52218270096_de898517b6_o.jpg,https://www.flickr.com/photos/hapephotographix/52218270096/sizes/o/,
52234251314_9f3bfa23ce_o.jpg,https://www.flickr.com/photos/hapephotographix/52234251314/sizes/o/,
52245585694_d11e2b91b7_o.jpg,https://www.flickr.com/photos/hapephotographix/52245585694/sizes/o/,
52313182605_d237477434_o.jpg,https://www.flickr.com/photos/hapephotographix/52313182605/sizes/o/,
52329904739_2b74b98a36_o.jpg,https://www.flickr.com/photos/hapephotographix/52329904739/sizes/o/,
52341535673_d572380f1c_o.jpg,https://www.flickr.com/photos/hapephotographix/52341535673/sizes/o/,
52352125462_d4700039b8_o.jpg,https://www.flickr.com/photos/hapephotographix/52352125462/sizes/o/,
52376979256_c3dd729350_o.jpg,https://www.flickr.com/photos/hapephotographix/52376979256/sizes/o/,
52420931126_05825db211_o.jpg,https://www.flickr.com/photos/hapephotographix/52420931126/sizes/o/,
52430197119_97de2fd7cb_o.jpg,https://www.flickr.com/photos/hapephotographix/52430197119/sizes/o/,
52439758876_4e0ab5f54b_o.jpg,https://www.flickr.com/photos/hapephotographix/52439758876/sizes/o/,
52458958465_ed44fc6fde_o.jpg,https://www.flickr.com/photos/hapephotographix/52458958465/sizes/o/,
52465520980_fbd7a03813_o.jpg,https://www.flickr.com/photos/hapephotographix/52465520980/sizes/o/,
52474939451_587215f021_o.jpg,https://www.flickr.com/photos/hapephotographix/52474939451/sizes/o/,
52484722240_d27ace6fb8_o.jpg,https://www.flickr.com/photos/hapephotographix/52484722240/sizes/o/,
52543044040_5dce184657_o.jpg,https://www.flickr.com/photos/hapephotographix/52543044040/sizes/o/,
52578304298_cb8a055494_o.jpg,https://www.flickr.com/photos/hapephotographix/52578304298/sizes/o/,
52589540241_43984b89ae_o.jpg,https://www.flickr.com/photos/hapephotographix/52589540241/sizes/o/,
52598135321_ca21fd8923_o.jpg,https://www.flickr.com/photos/hapephotographix/52598135321/sizes/o/,
52607638165_983f9cd6c2_o.jpg,https://www.flickr.com/photos/hapephotographix/52607638165/sizes/o/,
52625102494_a1faf6c2ab_o.jpg,https://www.flickr.com/photos/hapephotographix/52625102494/sizes/o/,
52633691245_de9ccbc911_o.jpg,https://www.flickr.com/photos/hapephotographix/52633691245/sizes/o/,
52665212406_552e441a6c_o.jpg,https://www.flickr.com/photos/hapephotographix/52665212406/sizes/o/,
52690461902_25b0e5247b_o.jpg,https://www.flickr.com/photos/hapephotographix/52690461902/sizes/o/,
52698782094_a65ee5e143_o.jpg,https://www.flickr.com/photos/hapephotographix/52698782094/sizes/o/,
52718018199_020c56c3f5_o.jpg,https://www.flickr.com/photos/hapephotographix/52718018199/sizes/o/,
52727090867_df807382b1_o.jpg,https://www.flickr.com/photos/hapephotographix/52727090867/sizes/o/,
52737372505_4340d29213_o.jpg,https://www.flickr.com/photos/hapephotographix/52737372505/sizes/o/,
52959595924_cf659d8a4f_o.jpg,https://www.flickr.com/photos/hapephotographix/52959595924/sizes/o/,
52966758459_743615abf8_o.jpg,https://www.flickr.com/photos/hapephotographix/52966758459/sizes/o/,
52976305272_2e029802d2_o.jpg,https://www.flickr.com/photos/hapephotographix/52976305272/sizes/o/,
52992022428_238a85b770_o.jpg,https://www.flickr.com/photos/hapephotographix/52992022428/sizes/o/,
53017614159_01aca95095_o.jpg,https://www.flickr.com/photos/hapephotographix/53017614159/sizes/o/,
53030106790_5802158e84_o.jpg,https://www.flickr.com/photos/hapephotographix/53030106790/sizes/o/,
53095797688_6262a36232_o.jpg,https://www.flickr.com/photos/hapephotographix/53095797688/sizes/o/,
53107774488_76315c20b6_o.jpg,https://www.flickr.com/photos/hapephotographix/53107774488/sizes/o/,
53115691267_f51cd7d094_o.jpg,https://www.flickr.com/photos/hapephotographix/53115691267/sizes/o/,
53125535949_e118c00e3c_o.jpg,https://www.flickr.com/photos/hapephotographix/53125535949/sizes/o/,
53180067502_54ff1f3e17_o.jpg,https://www.flickr.com/photos/hapephotographix/53180067502/sizes/o/,
53199377498_6f4d485a29_o.jpg,https://www.flickr.com/photos/hapephotographix/53199377498/sizes/o/,
53222695905_bc7495671a_o.jpg,https://www.flickr.com/photos/hapephotographix/53222695905/sizes/o/,
53237150835_31662e49cc_o.jpg,https://www.flickr.com/photos/hapephotographix/53237150835/sizes/o/,
53251531154_c6074945f0_o.jpg,https://www.flickr.com/photos/hapephotographix/53251531154/sizes/o/,
53271734292_9e0f495f4d_o.jpg,https://www.flickr.com/photos/hapephotographix/53271734292/sizes/o/,
53283141476_e923e97f7a_o.jpg,https://www.flickr.com/photos/hapephotographix/53283141476/sizes/o/,
53295115039_a31c3853fc_o.jpg,https://www.flickr.com/photos/hapephotographix/53295115039/sizes/o/,
53304473202_871a737425_o.jpg,https://www.flickr.com/photos/hapephotographix/53304473202/sizes/o/,
53364522055_25fc7a9900_o.jpg,https://www.flickr.com/photos/hapephotographix/53364522055/sizes/o/,
53379114102_a9e2f4f64b_o.jpg,https://www.flickr.com/photos/hapephotographix/53379114102/sizes/o/,
53395743241_16640bca91_o.jpg,https://www.flickr.com/photos/hapephotographix/53395743241/sizes/o/,
53416695555_8dac0d7a25_o.jpg,https://www.flickr.com/photos/hapephotographix/53416695555/sizes/o/,
53424618768_677159ce25_o.jpg,https://www.flickr.com/photos/hapephotographix/53424618768/sizes/o/,
53432456577_86aa7cd317_o.jpg,https://www.flickr.com/photos/hapephotographix/53432456577/sizes/o/,
53454008589_d901892347_o.jpg,https://www.flickr.com/photos/hapephotographix/53454008589/sizes/o/,
53461485146_989c77de67_o.jpg,https://www.flickr.com/photos/hapephotographix/53461485146/sizes/o/,
53474258029_8b3930d2cd_o.jpg,https://www.flickr.com/photos/hapephotographix/53474258029/sizes/o/,
53491708323_c6e4f99fae_o.jpg,https://www.flickr.com/photos/hapephotographix/53491708323/sizes/o/,
53515195161_4ce52a28d6_o.jpg,https://www.flickr.com/photos/hapephotographix/53515195161/sizes/o/,
53525168524_4a17aa68ec_o.jpg,https://www.flickr.com/photos/hapephotographix/53525168524/sizes/o/,
53536149377_746fe857f2_o.jpg,https://www.flickr.com/photos/hapephotographix/53536149377/sizes/o/,
53545645011_7d0c592423_o.jpg,https://www.flickr.com/photos/hapephotographix/53545645011/sizes/o/,
53570861197_4582acaf83_o.jpg,https://www.flickr.com/photos/hapephotographix/53570861197/sizes/o/,
53591515064_a3a0145807_o.jpg,https://www.flickr.com/photos/hapephotographix/53591515064/sizes/o/,
53600388164_3dcf4c4e61_o.jpg,https://www.flickr.com/photos/hapephotographix/53600388164/sizes/o/,
53614066902_5ef68710d6_o.jpg,https://www.flickr.com/photos/hapephotographix/53614066902/sizes/o/,
53621329870_495015a565_o.jpg,https://www.flickr.com/photos/hapephotographix/53621329870/sizes/o/,
53643368380_784cdc061d_o.jpg,https://www.flickr.com/photos/hapephotographix/53643368380/sizes/o/,
53664834628_861f296df0_o.jpg,https://www.flickr.com/photos/hapephotographix/53664834628/sizes/o/,
53674134413_6ee4d34d97_o.jpg,https://www.flickr.com/photos/hapephotographix/53674134413/sizes/o/,
53692168813_c390ffd9f1_o.jpg,https://www.flickr.com/photos/hapephotographix/53692168813/sizes/o/,
53700357741_a2a6e9ff5f_o.jpg,https://www.flickr.com/photos/hapephotographix/53700357741/sizes/o/,
53709983468_3455bcdb14_o.jpg,https://www.flickr.com/photos/hapephotographix/53709983468/sizes/o/,
53738094327_3244b08e60_o.jpg,https://www.flickr.com/photos/hapephotographix/53738094327/sizes/o/,
53782754038_133d28efdc_o.jpg,https://www.flickr.com/photos/hapephotographix/53782754038/sizes/o/,
53791554374_25148b0e4b_o.jpg,https://www.flickr.com/photos/hapephotographix/53791554374/sizes/o/,
53800373913_156389713e_o.jpg,https://www.flickr.com/photos/hapephotographix/53800373913/sizes/o/,
53841768434_8d97a2cf33_o.jpg,https://www.flickr.com/photos/hapephotographix/53841768434/sizes/o/,
53867726664_20d55484b7_o.jpg,https://www.flickr.com/photos/hapephotographix/53867726664/sizes/o/,
53886815415_e2f5192464_o.jpg,https://www.flickr.com/photos/hapephotographix/53886815415/sizes/o/,
53918828651_1e454e9352_o.jpg,https://www.flickr.com/photos/hapephotographix/53918828651/sizes/o/,
53927823490_736b86ed1f_o.jpg,https://www.flickr.com/photos/hapephotographix/53927823490/sizes/o/,
53936113241_650e43f313_o.jpg,https://www.flickr.com/photos/hapephotographix/53936113241/sizes/o/,
53945027954_c2568c97c0_o.jpg,https://www.flickr.com/photos/hapephotographix/53945027954/sizes/o/,
53954486863_5064201611_o.jpg,https://www.flickr.com/photos/hapephotographix/53954486863/sizes/o/,
53963892400_afae48f8ba_o.jpg,https://www.flickr.com/photos/hapephotographix/53963892400/sizes/o/,
54016434411_15efb78d8b_o.jpg,https://www.flickr.com/photos/hapephotographix/54016434411/sizes/o/,
54025002417_d91e0480cf_o.jpg,https://www.flickr.com/photos/hapephotographix/54025002417/sizes/o/,
54035754903_c10c1c1e12_o.jpg,https://www.flickr.com/photos/hapephotographix/54035754903/sizes/o/,
54047246348_570b1a4e0c_o.jpg,https://www.flickr.com/photos/hapephotographix/54047246348/sizes/o/,
54047438060_079dc69440_o.jpg,https://www.flickr.com/photos/hapephotographix/54047438060/sizes/o/,
54047438075_8360ebc150_o.jpg,https://www.flickr.com/photos/hapephotographix/54047438075/sizes/o/,
54059875109_34eb568755_o.jpg,https://www.flickr.com/photos/hapephotographix/54059875109/sizes/o/,
54060000455_335323a76c_o.jpg,https://www.flickr.com/photos/hapephotographix/54060000455/sizes/o/,
54069437456_482b53259e_o.jpg,https://www.flickr.com/photos/hapephotographix/54069437456/sizes/o/,
54069691033_942784d924_o.jpg,https://www.flickr.com/photos/hapephotographix/54069691033/sizes/o/,
54069894070_bf4e4b059a_o.jpg,https://www.flickr.com/photos/hapephotographix/54069894070/sizes/o/,
54078917523_94a08a8f3c_o.jpg,https://www.flickr.com/photos/hapephotographix/54078917523/sizes/o/,
54079119255_dbba7a39a1_o.jpg,https://www.flickr.com/photos/hapephotographix/54079119255/sizes/o/,
54107186804_2a39ff389f_o.jpg,https://www.flickr.com/photos/hapephotographix/54107186804/sizes/o/,
54107299015_58159537ca_o.jpg,https://www.flickr.com/photos/hapephotographix/54107299015/sizes/o/,
54119542238_98d33517d6_o.jpg,https://www.flickr.com/photos/hapephotographix/54119542238/sizes/o/,
54119729660_57d8db1a0a_o.jpg,https://www.flickr.com/photos/hapephotographix/54119729660/sizes/o/,
54127918279_ec681f1cba_o.jpg,https://www.flickr.com/photos/hapephotographix/54127918279/sizes/o/,
54128029690_bf65b38646_o.jpg,https://www.flickr.com/photos/hapephotographix/54128029690/sizes/o/,
54136842222_e80d6a8cc7_o.jpg,https://www.flickr.com/photos/hapephotographix/54136842222/sizes/o/,
54137979483_bcb3432dd8_o.jpg,https://www.flickr.com/photos/hapephotographix/54137979483/sizes/o/,
54138151610_e591ef9088_o.jpg,https://www.flickr.com/photos/hapephotographix/54138151610/sizes/o/,
54148253562_756ac453b0_o.jpg,https://www.flickr.com/photos/hapephotographix/54148253562/sizes/o/,
54149398103_794738bbe2_o.jpg,https://www.flickr.com/photos/hapephotographix/54149398103/sizes/o/,
54149432074_6d901d2c71_o.jpg,https://www.flickr.com/photos/hapephotographix/54149432074/sizes/o/,
54158597402_2cb095d801_o.jpg,https://www.flickr.com/photos/hapephotographix/54158597402/sizes/o/,
54159779054_fd588a856b_o.jpg,https://www.flickr.com/photos/hapephotographix/54159779054/sizes/o/,
54167518067_3c47f18434_o.jpg,https://www.flickr.com/photos/hapephotographix/54167518067/sizes/o/,
54168703259_0b4cec28b2_o.jpg,https://www.flickr.com/photos/hapephotographix/54168703259/sizes/o/,
54168703264_ac2b127d57_o.jpg,https://www.flickr.com/photos/hapephotographix/54168703264/sizes/o/,
54179378938_bf90ef21a2_o.jpg,https://www.flickr.com/photos/hapephotographix/54179378938/sizes/o/,
54179547670_41ab0a9b11_o.jpg,https://www.flickr.com/photos/hapephotographix/54179547670/sizes/o/,
54179547685_e29c48f0d6_o.jpg,https://www.flickr.com/photos/hapephotographix/54179547685/sizes/o/,
54188997501_909d9c60e5_o.jpg,https://www.flickr.com/photos/hapephotographix/54188997501/sizes/o/,
54188997516_ff5f58fffd_o.jpg,https://www.flickr.com/photos/hapephotographix/54188997516/sizes/o/,
54189259858_1452cfd49d_o.jpg,https://www.flickr.com/photos/hapephotographix/54189259858/sizes/o/,
54218517676_764e941812_o.jpg,https://www.flickr.com/photos/hapephotographix/54218517676/sizes/o/,
54218739353_82a45dce9a_o.jpg,https://www.flickr.com/photos/hapephotographix/54218739353/sizes/o/,
54230380799_f52e071877_o.jpg,https://www.flickr.com/photos/hapephotographix/54230380799/sizes/o/,
54239874921_365013e229_o.jpg,https://www.flickr.com/photos/hapephotographix/54239874921/sizes/o/,
54240284705_c45868ebc7_o.jpg,https://www.flickr.com/photos/hapephotographix/54240284705/sizes/o/,
54240284710_bbf30bea02_o.jpg,https://www.flickr.com/photos/hapephotographix/54240284710/sizes/o/,
54246522559_27e385e39d_o.jpg,https://www.flickr.com/photos/hapephotographix/54246522559/sizes/o/,
54246522564_5412d851c4_o.jpg,https://www.flickr.com/photos/hapephotographix/54246522564/sizes/o/,
54246693980_2462bbb927_o.jpg,https://www.flickr.com/photos/hapephotographix/54246693980/sizes/o/,
54257470532_405547482d_o.jpg,https://www.flickr.com/photos/hapephotographix/54257470532/sizes/o/,
54258585488_3d75e0997f_o.jpg,https://www.flickr.com/photos/hapephotographix/54258585488/sizes/o/,
54258596694_f8375499b5_o.jpg,https://www.flickr.com/photos/hapephotographix/54258596694/sizes/o/,
54265422352_601e712b84_o.jpg,https://www.flickr.com/photos/hapephotographix/54265422352/sizes/o/,
54266307111_941a2ca84d_o.jpg,https://www.flickr.com/photos/hapephotographix/54266307111/sizes/o/,
54266537348_7f9c2368cb_o.jpg,https://www.flickr.com/photos/hapephotographix/54266537348/sizes/o/,
54273191301_527c4ca03d_o.jpg,https://www.flickr.com/photos/hapephotographix/54273191301/sizes/o/,
54273439023_a233b4e810_o.jpg,https://www.flickr.com/photos/hapephotographix/54273439023/sizes/o/,
54273439048_e9e7e649e3_o.jpg,https://www.flickr.com/photos/hapephotographix/54273439048/sizes/o/,
54280527037_8ce34e6e6c_o.jpg,https://www.flickr.com/photos/hapephotographix/54280527037/sizes/o/,
54281657823_7a92b4026b_o.jpg,https://www.flickr.com/photos/hapephotographix/54281657823/sizes/o/,
54288392541_a4a5a0ea52_o.jpg,https://www.flickr.com/photos/hapephotographix/54288392541/sizes/o/,
54288392576_4f1afe5463_o.jpg,https://www.flickr.com/photos/hapephotographix/54288392576/sizes/o/,
54288636223_0f6025f541_o.jpg,https://www.flickr.com/photos/hapephotographix/54288636223/sizes/o/,
54298547331_f5cf17b647_o.jpg,https://www.flickr.com/photos/hapephotographix/54298547331/sizes/o/,
54298547341_9729b6ae32_o.jpg,https://www.flickr.com/photos/hapephotographix/54298547341/sizes/o/,
54307365259_ac56d2e409_o.jpg,https://www.flickr.com/photos/hapephotographix/54307365259/sizes/o/,
54307377318_ae1bf42b15_o.jpg,https://www.flickr.com/photos/hapephotographix/54307377318/sizes/o/,
54313734532_db72c37178_o.jpg,https://www.flickr.com/photos/hapephotographix/54313734532/sizes/o/,
54329553125_07b0e13f1d_o.jpg,https://www.flickr.com/photos/hapephotographix/54329553125/sizes/o/,
54354804429_14ab1c8b97_o.jpg,https://www.flickr.com/photos/hapephotographix/54354804429/sizes/o/,
54354804449_98744aeca2_o.jpg,https://www.flickr.com/photos/hapephotographix/54354804449/sizes/o/,
54363276686_f49666ffa7_o.jpg,https://www.flickr.com/photos/hapephotographix/54363276686/sizes/o/,
54375068677_2d9da18ed2_o.jpg,https://www.flickr.com/photos/hapephotographix/54375068677/sizes/o/,
54376147334_9960200aa8_o.jpg,https://www.flickr.com/photos/hapephotographix/54376147334/sizes/o/,
54386618353_d6d6439993_o.jpg,https://www.flickr.com/photos/hapephotographix/54386618353/sizes/o/,
54386761185_33a4be4796_o.jpg,https://www.flickr.com/photos/hapephotographix/54386761185/sizes/o/,
54395554744_e6d49cd9ff_o.jpg,https://www.flickr.com/photos/hapephotographix/54395554744/sizes/o/,
54395739695_1de425a848_o.jpg,https://www.flickr.com/photos/hapephotographix/54395739695/sizes/o/,
54432746822_fb7f929abc_o.jpg,https://www.flickr.com/photos/hapephotographix/54432746822/sizes/o/,
54433600381_b039dc6c9e_o.jpg,https://www.flickr.com/photos/hapephotographix/54433600381/sizes/o/,
54473762794_3dac016f24_o.jpg,https://www.flickr.com/photos/hapephotographix/54473762794/sizes/o/,
54473836573_6ed9597750_o.jpg,https://www.flickr.com/photos/hapephotographix/54473836573/sizes/o/,
54656061017_7ff4a40b45_o.jpg,https://www.flickr.com/photos/hapephotographix/54656061017/sizes/o/,
54667316601_38946b7d8b_o.jpg,https://www.flickr.com/photos/hapephotographix/54667316601/sizes/o/,
54667316656_533017387d_o.jpg,https://www.flickr.com/photos/hapephotographix/54667316656/sizes/o/,
54747761467_192bf4dbec_o.jpg,https://www.flickr.com/photos/hapephotographix/54747761467/sizes/o/,
54759336110_e877afae9b_o.jpg,https://www.flickr.com/photos/hapephotographix/54759336110/sizes/o/,
54776587914_ea39c74307_o.jpg,https://www.flickr.com/photos/hapephotographix/54776587914/sizes/o/,
54776702010_fbebae67a3_o.jpg,https://www.flickr.com/photos/hapephotographix/54776702010/sizes/o/,
54783964470_bcef1e5ec6_o.jpg,https://www.flickr.com/photos/hapephotographix/54783964470/sizes/o/,
54800493173_5d955f4322_o.jpg,https://www.flickr.com/photos/hapephotographix/54800493173/sizes/o/,
54808845422_ab0d5e0b65_o.jpg,https://www.flickr.com/photos/hapephotographix/54808845422/sizes/o/,
54810026460_ec60ffab34_o.jpg,https://www.flickr.com/photos/hapephotographix/54810026460/sizes/o/,
54817223605_f4c72d9c02_o.jpg,https://www.flickr.com/photos/hapephotographix/54817223605/sizes/o/,
54829753444_56cc40ea9b_o.jpg,https://www.flickr.com/photos/hapephotographix/54829753444/sizes/o/,
54829767043_67e87afd48_o.jpg,https://www.flickr.com/photos/hapephotographix/54829767043/sizes/o/,
54839339695_05b4ed45e6_o.jpg,https://www.flickr.com/photos/hapephotographix/54839339695/sizes/o/,
54839339945_3662454041_o.jpg,https://www.flickr.com/photos/hapephotographix/54839339945/sizes/o/,
25348512417_c1dbf154cd_o.jpg,https://www.flickr.com/photos/kanalu/25348512417/sizes/o/,
28972544158_0b30100a81_o.jpg,https://www.flickr.com/photos/kanalu/28972544158/sizes/o/,
40018272732_9a3974ab8c_o.jpg,https://www.flickr.com/photos/kanalu/40018272732/sizes/o/,
40842804183_d66d347fe0_o.jpg,https://www.flickr.com/photos/kanalu/40842804183/sizes/o/,
40997464072_70525d0020_o.jpg,https://www.flickr.com/photos/kanalu/40997464072/sizes/o/,
41059627430_261831abe2_o.jpg,https://www.flickr.com/photos/kanalu/41059627430/sizes/o/,
45400624381_891e5b8a23_o.jpg,https://www.flickr.com/photos/kanalu/45400624381/sizes/o/,
48455739207_31c5e39117_o.jpg,https://www.flickr.com/photos/kanalu/48455739207/sizes/o/,
48532448366_8ac3f2233b_o.jpg,https://www.flickr.com/photos/kanalu/48532448366/sizes/o/,
48916208146_ffa5c04d1f_o.jpg,https://www.flickr.com/photos/lcsalcedo/48916208146/sizes/o/,
49643636368_3bc68fcf29_o.jpg,https://www.flickr.com/photos/lcsalcedo/49643636368/sizes/o/,
51208510537_17f87322b9_o.jpg,https://www.flickr.com/photos/lcsalcedo/51208510537/sizes/o/,
48997763838_2119369984_o.jpg,https://www.flickr.com/photos/marco_m_foto/48997763838/sizes/o/,
49782202916_8958c41752_o.jpg,https://www.flickr.com/photos/marco_m_foto/49782202916/sizes/o/,
50002942511_fd9d22a011_o.jpg,https://www.flickr.com/photos/marco_m_foto/50002942511/sizes/o/,
50577505982_3eb9d9f9a9_o.jpg,https://www.flickr.com/photos/marco_m_foto/50577505982/sizes/o/,
51286921637_11f1a19cf0_o.jpg,https://www.flickr.com/photos/marco_m_foto/51286921637/sizes/o/,
51660494529_be250c9b2e_o.jpg,https://www.flickr.com/photos/marco_m_foto/51660494529/sizes/o/,
52444861433_495055b199_o.jpg,https://www.flickr.com/photos/marco_m_foto/52444861433/sizes/o/,
54034268917_d95c2b3c61_o.jpg,https://www.flickr.com/photos/nb-fotos/54034268917/sizes/o/,
54049254301_57e4c2bf5e_o.jpg,https://www.flickr.com/photos/nb-fotos/54049254301/sizes/o/,
54056708310_89035d6af8_o.jpg,https://www.flickr.com/photos/nb-fotos/54056708310/sizes/o/,
54119375905_0c69d08396_o.jpg,https://www.flickr.com/photos/nb-fotos/54119375905/sizes/o/,
54348047799_71517ebd7a_o.jpg,https://www.flickr.com/photos/nb-fotos/54348047799/sizes/o/,
UArizona_0_9m_360_3-CC.jpg,https://storage.noirlab.edu/media/archives/images/large/UArizona_0_9m_360_3-CC.jpg,
