name_file,link
Sample #4_8K2D_FlowState_PassTheWoods_H265.mp4,https://drive.google.com/uc?export=download&id=1MyGtZlRUgC-Npyh-IKLgb8TM6Sthi-fr
8K2D_Tokyo Day and Night_3_H265.mp4,https://drive.google.com/uc?export=download&id=1bftFUCZd_NeZ4bZiJUzuLzy-YtwYU3uL
Sample#7_8K2D_Shanghai.mp4,https://drive.google.com/uc?export=download&id=1GZeUg4NOv7es0k_9NVYaGfP2Tg0FY5Fm
Sample#6_8K2D_ship.mp4,https://drive.google.com/uc?export=download&id=1w7AmxSYnap1XcD_OIinCY6_wAZnbFBb1
8K2D_Tokyo Day and Night_4_H265.mp4,https://drive.google.com/uc?export=download&id=1Tl_wq9ICmO6vozWXJizdJ50PmMMgtZET
8K2D_Tokyo Day and Night_2_H265.mp4,https://drive.google.com/uc?export=download&id=1u98tQ3zzYJM_ai4SHP8EUDCI6RRIzFwP
8K2D_Tokyo Day and Night_1_H265.mp4,https://drive.google.com/uc?export=download&id=1ERri81MKDiKg77k4tVHZnnvxqcfAD3Qj
Sample#5_8K2D_FlowState_Running&Aerial.mp4,https://drive.google.com/uc?export=download&id=1r2Yu2pKSvdoYw1KzVWgDc94iXXwHYvFo
8K2D_Outdoor Concert_H265.mp4,https://drive.google.com/uc?export=download&id=1a8TRvEUkSsowaPUhcYh2jvTYVOpn-RIX
8K2D_FlowState Stabilization_ Walking_H265.mp4,https://drive.google.com/uc?export=download&id=1t4dL9PuDd-o_zqEWSfYg392k1VveToMt
